q,r,s,region,terrain,number
0,0,0,eurasia,plains,9
1,-2,1,eurasia,forest,5
2,-4,2,eurasia,mountains,4
3,-6,3,eurasia,hills,9
-1,-1,2,eurasia,hills,11
0,-3,3,eurasia,mountains,8
1,-5,4,eurasia,plains,10
2,-7,5,eurasia,hills,11
-2,-2,4,eurasia,plains,4
-1,-4,5,eurasia,hills,5
0,-6,6,eurasia,forest,3
-3,-3,6,eurasia,forest,11
-2,-5,7,eurasia,hills,6
-4,-4,8,eurasia,forest,10
-6,-3,9,eurasia,plains,5
3,-3,0,eurasia,forest,12
4,-5,1,eurasia,forest,6
5,-7,2,eurasia,hills,12
-4,-1,5,africa,plains,2
-5,1,4,africa,mountains,5
-6,3,3,africa,forest,9
-4,2,2,africa,hills,8
-7,5,2,africa,hills,12
-9,6,3,africa,forest,11
-8,4,4,africa,mountains,6
-7,2,5,africa,hills,4
-6,0,6,africa,plains,6
-8,1,7,africa,hills,5
-10,2,8,africa,forest,8
-9,0,9,africa,plains,10
-7,-1,8,africa,mountains,3
0,3,-3,australia,plains,8
-1,5,-4,australia,hills,11
1,4,-5,australia,mountains,5
2,5,-7,australia,plains,2
0,6,-6,australia,forest,9
9,0,-9,america,forest,4
8,2,-10,america,mountains,2
7,4,-11,america,mountains,10
10,1,-11,america,hills,8
9,3,-12,america,forest,5
8,-1,-7,america,forest,9
9,-3,-6,america,hills,3
10,-5,-5,america,forest,10
11,-4,-7,america,plains,11
7,-2,-5,america,plains,4
8,-4,-4,america,mountains,6