from_q,from_r,from_s,to_q,to_r,to_s,race,clothing,shelter,no_path
-6,-4,10,-7,-3,10,Indo-Europeans,1,0,FALSE
-4,-5,9,-4,-6,10,Indo-Europeans,1,1,FALSE
-2,-6,8,-2,-7,9,Indo-Europeans,2,1,FALSE
-1,-6,7,0,-7,7,Indo-Europeans,1,2,FALSE
1,-7,6,2,-8,6,Asians,2,2,FALSE
3,-7,4,3,-8,5,Asians,3,2,FALSE
4,-7,3,5,-8,3,Asians,2,3,FALSE
6,-7,1,7,-7,0,Asians,3,1,FALSE
1,0,-1,2,0,-2,Australians,1,3,FALSE
4,0,-4,4,-1,-3,Australians,2,3,FALSE
5,1,-6,5,0,-5,Australians,2,4,FALSE
5,4,-9,5,3,-8,Australians,3,4,FALSE
2,7,-9,3,7,-10,Australians,4,4,FALSE
9,-7,-2,9,-8,-1,Americans,4,2,FALSE
10,-7,-3,11,-8,-3,Americans,4,3,FALSE
11,-6,-5,12,-7,-5,Americans,4,4,FALSE
8,0,-8,8,1,-9,Americans,3,2,FALSE
6,5,-11,5,6,-11,Americans,3,2,FALSE
-3,1,2,-2,0,2,,,,TRUE
0,1,-1,0,2,-2,,,,TRUE
5,0,-5,6,-1,-5,,,,TRUE
5,4,-9,6,4,-10,,,,TRUE
4,-7,3,3,-7,4,,,,TRUE
3,-8,5,2,-8,6,,,,TRUE
0,-7,7,1,-7,6,,,,TRUE
-2,-6,8,-1,-6,7,,,,TRUE
2,1,-3,3,1,-4,,,,TRUE
11,-6,-5,10,-6,-4,,,,TRUE
4,0,-4,5,0,-5,,,,TRUE